0001.HK,長和
0002.HK,中電控股
0003.HK,香港中華煤氣
0004.HK,九龍倉集團
0005.HK,匯豐控股
0006.HK,電能實業
0008.HK,電訊盈科
0010.HK,痗弦偎
0011.HK,琤芼行
0012.HK,痚穧a產
0014.HK,希慎興業
0016.HK,新鴻基地產
0017.HK,新世界發展
0018.HK,東方報業集團
0019.HK,太古股份公司Ａ
0023.HK,東亞銀行
0025.HK,CHEVALIER INT'L
0026.HK,中華汽車
0027.HK,銀河娛樂
0028.HK,天安
0029.HK,達力集團
0030.HK,萬隆控股集團
0031.HK,航天控股
0032.HK,港通控股
0034.HK,九龍建業
0035.HK,遠東發展
0038.HK,第一拖拉機股份
0041.HK,鷹君
0043.HK,卜蜂國際
0045.HK,大酒店
0050.HK,香港小輪（集團）
0051.HK,海港企業
0052.HK,FAIRWOOD HOLD
0053.HK,國浩集團
0057.HK,震雄集團
0059.HK,天譽置業
0062.HK,載通
0064.HK,結好控股
0066.HK,港鐵公司
0069.HK,香格里拉（亞洲）
0071.HK,美麗華酒店
0075.HK,渝太地產
0078.HK,REGAL INT'L
0081.HK,中國海外宏洋集團
0082.HK,第一視頻
0083.HK,信和置業
0085.HK,中電華大科技
0086.HK,新鴻基公司
0087.HK,太古股份公司Ｂ
0088.HK,TAI CHEUNG HOLD
0089.HK,大生地產
0095.HK,綠景中國地產
0096.HK,ＹＵＳＥＩ
0097.HK,痚繺o展
0098.HK,興發鋁業
0099.HK,王氏國際
0101.HK,痗岫a產
0102.HK,凱升控股
0105.HK,凱聯國際酒店
0106.HK,朗詩地產
0107.HK,四川成渝高速公路
0108.HK,國銳地產
0112.HK,勒泰集團
0113.HK,迪生創建
0116.HK,周生生
0119.HK,保利置業集團
0120.HK,COSMOPOL INT'L
0123.HK,越秀地產
0124.HK,粵海置地
0126.HK,佳寧娜
0127.HK,華人置業
0128.HK,安寧控股
0129.HK,泛海集團
0131.HK,卓能（集團）
0132.HK,中國興業控股
0133.HK,招商局中國基金
0135.HK,昆侖能源
0136.HK,矬侉舋
0142.HK,第一太平
0144.HK,招商局港口
0147.HK,國際商業結算
0148.HK,建滔集團
0149.HK,中國農產品交易
0150.HK,HYPEBEAST
0151.HK,中國旺旺
0152.HK,深圳國際
0154.HK,北京控股環境集團
0156.HK,力寶華潤
0158.HK,萬邦投資
0159.HK,布萊克萬礦業
0160.HK,漢國置業
0163.HK,英皇國際
0165.HK,中國光大控股
0168.HK,青島啤酒股份
0169.HK,萬達酒店發展
0171.HK,銀建國際
0173.HK,嘉華國際
0175.HK,吉利汽車
0177.HK,江蘇寧滬高速公路
0178.HK,莎莎國際
0179.HK,德昌電機控股
0182.HK,協合新能源
0184.HK,激成投資
0185.HK,正商實業
0186.HK,敏捷控股
0189.HK,東岳集團
0190.HK,香港建設（控股）
0191.HK,麗新國際
0194.HK,廖創興企業
0195.HK,綠科科技國際
0196.HK,宏華集團
0199.HK,德祥地產
0200.HK,新濠國際發展
0201.HK,華大酒店
0202.HK,潤中國際控股
0206.HK,華商國際海洋控股
0207.HK,大悅城地產
0208.HK,保利達資產
0212.HK,NANYANG HOLD
0213.HK,NATIONAL ELEC H
0214.HK,匯漢控股
0215.HK,和記電訊香港
0216.HK,建業實業
0217.HK,中國誠通發展集團
0218.HK,申萬宏源香港
0219.HK,順豪物業
0220.HK,統一企業中國
0222.HK,閩信集團
0224.HK,建生國際
0225.HK,博富臨置業
0226.HK,力寶
0228.HK,中能控股
0230.HK,五礦地產
0232.HK,中國航空工業國際
0235.HK,中策集團
0237.HK,安全貨倉
0240.HK,利基控股
0241.HK,阿里健康
0242.HK,信德集團
0245.HK,中薇金融
0247.HK,TST PROPERTIES
0250.HK,中國數碼信息
0251.HK,爪哇控股
0252.HK,華信地產財務
0255.HK,龍記集團
0256.HK,冠城鐘錶珠寶
0257.HK,光大環境
0258.HK,湯臣集團
0259.HK,億都（國際控股）
0261.HK,ＧＢＡ集團
0265.HK,東勝旅遊
0266.HK,天德地產
0267.HK,中信股份
0268.HK,金蝶國際
0270.HK,粵海投資
0271.HK,亞證地產
0272.HK,瑞安房地產
0273.HK,茂宸集團
0277.HK,太興置業
0281.HK,川河集團
0282.HK,壹傳媒
0285.HK,比亞迪電子
0286.HK,愛帝宮
0288.HK,萬洲國際
0289.HK,WING ON CO
0291.HK,華潤啤酒
0293.HK,國泰航空
0295.HK,江山控股
0296.HK,英皇娛樂酒店
0297.HK,中化化肥
0298.HK,莊士中國
0299.HK,寶新置地
0302.HK,中手游
0303.HK,VTECH HOLDINGS
0305.HK,五菱汽車
0306.HK,冠忠巴士集團
0308.HK,香港中旅
0312.HK,歲寶百貨
0315.HK,數碼通電訊
0316.HK,東方海外國際
0317.HK,中船防務
0321.HK,德永佳集團
0322.HK,康師傅控股
0323.HK,馬鞍山鋼鐵股份
0326.HK,中國星集團
0327.HK,百富環球
0329.HK,東建國際
0330.HK,思捷環球
0331.HK,豐盛服務集團
0332.HK,元亨燃氣
0334.HK,華顯光電
0335.HK,美建集團
0336.HK,華寶國際
0337.HK,綠地香港
0338.HK,上海石油化工股份
0340.HK,潼關黃金
0341.HK,大家樂集團
0342.HK,新海能源
0345.HK,VITASOY INT'L
0347.HK,鞍鋼股份
0351.HK,亞洲能源物流
0354.HK,中國軟件國際
0355.HK,世紀城市國際
0357.HK,美蘭空港
0358.HK,江西銅業股份
0363.HK,上海實業控股
0365.HK,芯成科技
0366.HK,陸氏集團（越南）
0367.HK,莊士機構國際
0368.HK,德合集團
0369.HK,永泰地產
0371.HK,北控水務集團
0373.HK,聯合集團（新）
0374.HK,四洲集團
0376.HK,雲鋒金融
0377.HK,華君國際集團
0382.HK,中?集團
0383.HK,中國醫療網絡
0384.HK,中國燃氣
0386.HK,中國石油化工股份
0388.HK,香港交易所
0390.HK,中國中鐵
0391.HK,美亞娛樂資訊
0392.HK,北京控股
0393.HK,旭日企業
0398.HK,東方表行集團
0400.HK,科通芯城
0408.HK,葉氏化工集團
0410.HK,ＳＯＨＯ中國
0411.HK,南順（香港）
0412.HK,山高金融
0413.HK,南華集團控股
0416.HK,錦州銀行
0419.HK,華誼騰訊娛樂
0420.HK,福田實業
0425.HK,敏實集團
0431.HK,大中華金融
0432.HK,盈大地產
0436.HK,新宇環保
0438.HK,彩虹新能源
0439.HK,光啟科學
0440.HK,大新金融
0450.HK,鴻興印刷集團
0451.HK,協鑫新能源
0460.HK,四環醫藥
0467.HK,聯合能源集團
0468.HK,紛美包裝
0474.HK,昊天發展集團
0480.HK,香港興業國際
0486.HK,俄鋁
0487.HK,實德環球
0488.HK,麗新發展
0489.HK,東風集團股份
0493.HK,國美零售
0496.HK,卡森國際
0497.HK,資本策略地產
0500.HK,先豐服務集團
0505.HK,興業合金
0506.HK,中國食品
0511.HK,電視廣播
0512.HK,遠大醫藥
0517.HK,中遠海運國際
0520.HK,呷哺呷哺
0521.HK,CWT INT'L
0522.HK,ASM PACIFIC
0525.HK,廣深鐵路股份
0526.HK,中國汽車新零售
0528.HK,金達控股
0531.HK,順誠
0533.HK,金利來集團
0535.HK,金地商置
0536.HK,貿易通
0538.HK,味千（中國）
0542.HK,富元國際集團
0543.HK,太平洋網絡
0546.HK,阜豐集團
0547.HK,數字王國
0548.HK,深圳高速公路股份
0551.HK,裕元集團
0552.HK,中國通信服務
0553.HK,南京熊貓電子股份
0554.HK,漢思能源
0558.HK,力勁科技
0560.HK,珠江船務
0563.HK,上實城市開發
0564.HK,鄭煤機
0565.HK,錦藝集團控股
0570.HK,中國中藥
0571.HK,豐德麗控股
0573.HK,稻香控股
0576.HK,浙江滬杭甬
0579.HK,京能清潔能源
0580.HK,賽晶電力電子
0581.HK,中國東方集團
0582.HK,藍鼎國際
0583.HK,長城環亞控股
0585.HK,意馬國際
0586.HK,海螺創業
0588.HK,北京北辰實業股份
0589.HK,建中建設
0590.HK,六福集團
0592.HK,BOSSINI INT'L
0596.HK,浪潮國際
0598.HK,中國外運
0603.HK,中油燃氣
0604.HK,深圳控股
0605.HK,中國金融投資管理
0607.HK,豐盛控股
0610.HK,WAI KEE HOLD
0612.HK,中國鼎益豐
0613.HK,梧桐國際
0617.HK,百利保控股
0620.HK,大唐西市
0622.HK,威華達控股
0626.HK,大眾金融控股
0628.HK,國美金融科技
0631.HK,三一國際
0635.HK,彩星集團
0636.HK,嘉里物流
0639.HK,首鋼資源
0650.HK,ＩＤＧ能源投資
0655.HK,香港華人有限公司
0656.HK,復星國際
0658.HK,中國高速傳動
0659.HK,新創建集團
0661.HK,中國大冶有色金屬
0662.HK,亞洲金融
0665.HK,海通國際
0667.HK,中國東方教育
0669.HK,創科實業
0670.HK,中國東方航空股份
0672.HK,眾安集團
0677.HK,金源米業
0678.HK,雲頂香港
0680.HK,南海控股
0683.HK,嘉里建設
0686.HK,北京能源國際
0687.HK,泰昇集團
0688.HK,中國海外發展
0690.HK,聯康生物科技集團
0691.HK,山水水泥
0693.HK,陳唱國際
0694.HK,北京首都機場股份
0695.HK,東吳水泥
0696.HK,中國民航信息網絡
0697.HK,首程控股
0698.HK,通達集團
0699.HK,神州租車
0700.HK,騰訊控股
0701.HK,CNT GROUP
0708.HK,琱j汽車
0709.HK,佐丹奴國際
0710.HK,京東方精電
0711.HK,亞洲聯合基建控股
0715.HK,中泛控股
0716.HK,勝獅貨櫃
0717.HK,英皇證券
0718.HK,太和控股
0719.HK,山東新華製藥股份
0720.HK,意達利控股
0721.HK,中國金融國際
0722.HK,聯合醫務
0726.HK,築友智造科技
0727.HK,皇冠環球集團
0728.HK,中國電信
0732.HK,信利國際
0733.HK,合富輝煌
0737.HK,灣區發展－Ｒ
0737.HK,灣區發展
0743.HK,亞洲水泥（中國）
0746.HK,理文化工
0750.HK,水發興業能源
0751.HK,創維集團
0752.HK,PICO FAR EAST
0753.HK,中國國航
0754.HK,合生創展集團
0757.HK,陽光能源
0762.HK,中國聯通
0763.HK,中興通訊
0769.HK,中國稀土
0771.HK,自動系統
0772.HK,閱文集團
0775.HK,長江生命科技
0776.HK,帝國集團環球控股
0777.HK,網龍
0780.HK,同程藝龍
0788.HK,中國鐵塔
0797.HK,第七大道
0798.HK,中電光谷
0799.HK,IGG
0806.HK,惠理集團
0807.HK,上海實業環境
0809.HK,大成生化科技
0811.HK,新華文軒
0813.HK,世茂集團
0815.HK,中國白銀集團
0817.HK,中國金茂
0818.HK,高陽科技
0819.HK,天能動力
0823.HK,領展
0825.HK,新世界百貨中國
0826.HK,天工國際
0829.HK,神冠控股
0830.HK,中國建築興業
0831.HK,利亞零售
0832.HK,建業地產
0836.HK,華潤電力
0837.HK,譚木匠
0838.HK,億和控股
0839.HK,中教控股
0845.HK,痦惘a產
0848.HK,茂業國際
0852.HK,海峽石油化工
0853.HK,微創醫療
0855.HK,中國水務
0856.HK,偉仕佳杰
0857.HK,中國石油股份
0860.HK,力世紀
0861.HK,神州控股
0862.HK,遠見控股
0863.HK,ＢＣ科技集團
0865.HK,建德國際控股
0867.HK,康哲藥業
0868.HK,信義玻璃
0873.HK,世茂服務
0874.HK,白雲山
0876.HK,佳兆業健康
0878.HK,金朝陽集團
0880.HK,澳博控股
0881.HK,中升控股
0882.HK,天津發展
0883.HK,中國海洋石油
0884.HK,旭輝控股集團
0887.HK,英皇鐘錶珠寶
0895.HK,東江環保
0896.HK,興勝創建
0898.HK,萬事昌國際
0900.HK,AEON CREDIT
0902.HK,華能國際電力股份
0906.HK,中糧包裝
0908.HK,珠海控股投資
0909.HK,明源雲
0910.HK,中國三迪
0914.HK,海螺水泥
0916.HK,龍源電力
0921.HK,海信家電
0925.HK,北京建設
0929.HK,國際精密
0931.HK,中國天然氣
0934.HK,中石化冠德
0938.HK,民生國際
0939.HK,建設銀行
0941.HK,中國移動
0943.HK,中證國際
0945.HK,宏利金融—Ｓ
0950.HK,李氏大藥廠
0951.HK,超威動力
0952.HK,中國通海金融
0956.HK,新天綠色能源
0960.HK,龍湖集團
0966.HK,中國太平
0968.HK,信義光能
0970.HK,耀萊集團
0973.HK,L'OCCITANE
0978.HK,招商局置地
0981.HK,中芯國際
0982.HK,華金國際資本
0984.HK,永旺
0985.HK,中譽集團
0989.HK,廣澤國際發展
0990.HK,榮暉國際
0991.HK,大唐發電
0992.HK,聯想集團
0993.HK,華融金控
0995.HK,安徽皖通高速公路
0998.HK,中信銀行
0999.HK,I.T
1003.HK,歡喜傳媒
1004.HK,中國智慧能源
1005.HK,MATRIX HOLDINGS
1009.HK,國際娛樂
1020.HK,賽伯樂國際控股
1024.HK,快手－Ｗ
1029.HK,鐵貨
1030.HK,新城發展
1031.HK,金利豐金融
1033.HK,中石化油服
1036.HK,萬科海外
1038.HK,長江基建集團
1039.HK,暢由聯盟
1044.HK,琣w國際
1045.HK,亞太衛星
1050.HK,嘉利國際
1051.HK,國際資源
1052.HK,越秀交通基建
1055.HK,中國南方航空股份
1060.HK,阿里影業
1061.HK,億勝生物科技
1065.HK,天津創業環保股份
1066.HK,威高股份
1068.HK,雨潤食品
1070.HK,ＴＣＬ電子
1071.HK,華電國際電力股份
1072.HK,東方電氣
1076.HK,博華太平洋
1082.HK,香港教育國際
1083.HK,港華燃氣
1084.HK,綠新親水膠體
1085.HK,亨鑫科技
1086.HK,好孩子國際
1088.HK,中國神華
1090.HK,大明國際
1091.HK,中信大錳
1093.HK,石藥集團
1098.HK,路勁
1099.HK,國藥控股
1104.HK,亞太資源
1105.HK,星島
1107.HK,當代置業
1108.HK,洛陽玻璃股份
1109.HK,華潤置地
1111.HK,創興銀行
1112.HK,H&H國際控股
1113.HK,長實集團
1114.HK,BRILLIANCE CHI
1115.HK,西藏水資源
1117.HK,現代牧業
1119.HK,創夢天地
1121.HK,寶峰時尚
1122.HK,慶鈴汽車股份
1125.HK,麗豐控股
1126.HK,德林國際
1128.HK,永利澳門
1133.HK,哈爾濱電氣
1137.HK,香港電視
1138.HK,中遠海能
1140.HK,東英金融
1141.HK,民銀資本
1153.HK,佳源服務
1157.HK,中聯重科
1158.HK,開元酒店
1159.HK,星光文化
1163.HK,虎視傳媒
1164.HK,中廣核礦業
1167.HK,加科思－Ｂ
1168.HK,百仕達控股
1171.HK,兗州煤業股份
1176.HK,珠光控股
1177.HK,中國生物製藥
1179.HK,華住集團－Ｓ
1180.HK,匯彩控股
1181.HK,唐宮中國
1183.HK,澳能建設
1184.HK,S.A.S. DRAGON
1186.HK,中國鐵建
1193.HK,華潤燃氣
1196.HK,偉祿集團
1198.HK,皇朝家居
1199.HK,中遠海運港口
1205.HK,中信資源
1208.HK,五礦資源
1209.HK,華潤萬象生活
1211.HK,比亞迪股份
1212.HK,利福國際
1216.HK,中原銀行
1221.HK,SINO HOTELS
1222.HK,WANG ON GROUP
1223.HK,新灃集團
1224.HK,中渝置地
1230.HK,雅士利國際
1231.HK,新礦資源
1232.HK,金輪天地控股
1233.HK,時代中國控股
1234.HK,中國利郎
1238.HK,寶龍地產
1240.HK,青建國際
1243.HK,宏安地產
1249.HK,通力電子
1250.HK,北控清潔能源集團
1252.HK,中國天瑞水泥
1253.HK,中國綠地博大綠澤
1257.HK,中國光大綠色環保
1258.HK,中國有色礦業
1260.HK,皓天財經集團
1263.HK,柏能集團
1266.HK,西王特鋼
1268.HK,美東汽車
1270.HK,朗廷—ＳＳ
1271.HK,佳明集團控股
1277.HK,力量能源
1278.HK,中國新城鎮
1282.HK,寶新金融
1283.HK,高陞集團控股
1285.HK,嘉士利集團
1286.HK,鷹普精密
1288.HK,農業銀行
1290.HK,中國匯融
1293.HK,廣匯寶信
1297.HK,中國擎天軟件
1299.HK,友邦保險
1300.HK,俊知集團
1301.HK,德基科技控股
1302.HK,先健科技
1308.HK,海豐國際
1310.HK,香港寬頻
1313.HK,華潤水泥控股
1316.HK,耐世特
1317.HK,楓葉教育
1321.HK,中國新城市
1323.HK,華盛國際控股
1328.HK,金涌投資
1329.HK,首創鉅大
1330.HK,綠色動力環保
1332.HK,中國透雲
1333.HK,中國忠旺
1336.HK,新華保險
1337.HK,雷蛇
1339.HK,中國人民保險集團
1341.HK,昊天國際建投
1345.HK,中國先鋒醫藥
1347.HK,華虹半導體
1349.HK,復旦張江
1357.HK,美圖公司
1358.HK,普華和順
1359.HK,中國信達
1361.HK,３６１度
1366.HK,江南集團
1368.HK,特步國際
1370.HK,奧威控股
1373.HK,國際家居零售
1375.HK,中州證券
1378.HK,中國宏橋
1381.HK,粵豐環保
1382.HK,互太紡織
1383.HK,太陽城集團
1385.HK,上海復旦
1387.HK,中國地利
1396.HK,粵港灣控股
1398.HK,工商銀行
1401.HK,SPROCOMM INTEL
1408.HK,濠江機電
1415.HK,高偉電子
1417.HK,浦江中國
1427.HK,中國天保集團
1428.HK,耀才證券金融
1429.HK,天任集團
1430.HK,蘇創燃氣
1431.HK,原生態牧業
1432.HK,中國聖牧
1442.HK,INFINITY L&T
1448.HK,福壽園
1449.HK,立德教育
1456.HK,國聯證券
1458.HK,周黑鴨
1463.HK,C-LINK SQ
1468.HK,京基金融國際
1469.HK,結好金融
1475.HK,日清食品
1476.HK,琝踼狳
1477.HK,歐康維視生物－Ｂ
1478.HK,丘鈦科技
1483.HK,譽宴集團
1488.HK,百福控股
1492.HK,中地乳業
1499.HK,歐科雲鏈
1501.HK,康德萊醫械
1502.HK,金融街物業
1508.HK,中國再保險
1509.HK,和美醫療
1513.HK,麗珠醫藥
1515.HK,華潤醫療
1516.HK,融創服務
1521.HK,方達控股
1522.HK,京投交通科技
1523.HK,珩灣科技
1525.HK,建橋教育
1526.HK,瑞慈醫療
1528.HK,紅星美凱龍
1530.HK,三生製藥
1538.HK,中奧到家
1543.HK,中盈盛達融資擔保
1548.HK,金斯瑞生物科技
1551.HK,廣州農商銀行
1558.HK,東陽光藥
1561.HK,聯洋智能控股
1563.HK,友聯租賃
1565.HK,成實外教育
1566.HK,華夏文化科技
1568.HK,承達集團
1569.HK,民生教育
1570.HK,偉業控股
1571.HK,信邦控股
1576.HK,齊魯高速
1578.HK,天津銀行
1579.HK,頤海國際
1583.HK,親親食品
1585.HK,雅迪控股
1588.HK,暢捷通
1589.HK,中國物流資產
1593.HK,辰林教育
1596.HK,翼辰實業
1598.HK,２１世紀教育
1599.HK,城建設計
1600.HK,天倫燃氣
1606.HK,國銀租賃
1608.HK,偉能集團
1609.HK,創建集團控股
1610.HK,中糧肉食
1611.HK,火幣科技
1612.HK,永勝醫療
1617.HK,南方通信
1618.HK,中國中冶
1622.HK,力高集團
1627.HK,安保工程控股
1628.HK,禹洲集團
1629.HK,冠均國際控股
1635.HK,大眾公用
1638.HK,佳兆業集團
1639.HK,安捷利實業
1651.HK,津上機床中國
1652.HK,福森藥業
1656.HK,億仕登控股
1658.HK,郵儲銀行
1660.HK,兆邦基地產
1662.HK,義合控股
1665.HK,檳傑科達
1666.HK,同仁堂科技
1668.HK,華南城
1672.HK,歌禮製藥－Ｂ
1673.HK,華章科技
1675.HK,亞信科技
1679.HK,瑞斯康集團
1680.HK,澳門勵駿
1681.HK,康臣葯業
1686.HK,新意網集團
1689.HK,華禧控股
1691.HK,ＪＳ環球生活
1696.HK,復銳醫療科技
1697.HK,山東國信
1702.HK,東光化工
1709.HK,德林控股
1717.HK,澳優
1719.HK,中國通商集團
1720.HK,普天通信集團
1723.HK,港亞控股
1727.HK,河北建設
1728.HK,正通汽車
1733.HK,易大宗
1735.HK,中環控股
1738.HK,飛尚無煙煤
1739.HK,齊屹科技
1741.HK,日贏控股
1743.HK,蒼南儀錶
1745.HK,LVJI TECH
1748.HK,信源企業集團
1752.HK,澳洲成峰高教
1753.HK,兌吧
1755.HK,新城悅服務
1756.HK,華立大學集團
1760.HK,英甯鴔
1761.HK,寶寶樹集團
1762.HK,萬咖壹聯
1763.HK,中國同輻
1765.HK,希望教育
1766.HK,中國中車
1769.HK,思考樂教育
1772.HK,贛鋒鋰業
1773.HK,天立教育
1776.HK,廣發証券
1777.HK,花樣年控股
1778.HK,彩生活
1785.HK,成都高速
1787.HK,山東黃金
1788.HK,國泰君安國際
1789.HK,愛康醫療
1797.HK,新東方在?
1798.HK,大唐新能源
1799.HK,新特能源
1800.HK,中國交通建設
1801.HK,信達生物
1806.HK,匯付天下
1809.HK,浦林成山
1810.HK,小米集團－Ｗ
1811.HK,中廣核新能源
1812.HK,晨鳴紙業
1813.HK,合景泰富集團
1815.HK,金貓銀貓
1816.HK,中廣核電力
1817.HK,慕尚集團控股
1818.HK,招金礦業
1820.HK,濟豐包裝
1821.HK,ESR
1829.HK,中國機械工程
1830.HK,必瘦站
1833.HK,平安好醫生
1836.HK,九興控股
1837.HK,五谷磨房
1838.HK,CHINAPROPERTIES
1839.HK,中集車輛
1845.HK,維港環保科技
1846.HK,德視佳
1848.HK,中國飛機租賃
1851.HK,銀杏教育
1856.HK,依波路
1857.HK,中國光大水務
1858.HK,春立醫療
1859.HK,煜盛文化
1860.HK,匯量科技
1862.HK,景瑞控股
1865.HK,管道工程
1866.HK,中國心連心化肥
1868.HK,同方友友
1873.HK,維亞生物
1875.HK,東曜藥業—Ｂ
1876.HK,百威亞太
1877.HK,君實生物
1882.HK,海天國際
1883.HK,中信國際電訊
1885.HK,中國優材
1888.HK,建滔積層板
1890.HK,中國科培
1895.HK,鑫苑服務
1896.HK,貓眼娛樂
1898.HK,中煤能源
1899.HK,興達國際
1902.HK,銀城國際控股
1905.HK,海通恆信
1907.HK,中國旭陽集團
1908.HK,建發國際集團
1909.HK,火岩控股
1910.HK,新秀麗
1911.HK,華興資本控股
1913.HK,普拉達
1916.HK,江西銀行
1918.HK,融創中國
1919.HK,中遠海控
1921.HK,達力普控股
1922.HK,銀城生活服務
1928.HK,金沙中國有限公司
1929.HK,周大福
1931.HK,華檢醫療
1935.HK,嘉宏教育
1951.HK,錦欣生殖
1952.HK,雲頂新耀－Ｂ
1958.HK,北京汽車
1962.HK,訓修實業
1963.HK,重慶銀行
1966.HK,中駿集團控股
1967.HK,信懇智能
1969.HK,中國春來
1970.HK,IMAX CHINA
1971.HK,弘陽服務
1972.HK,太古地產
1977.HK,安樂工程
1979.HK,天寶集團
1980.HK,天鴿互動
1981.HK,華夏視聽教育
1982.HK,南旋控股
1983.HK,瀘州銀行
1986.HK,彩客化學
1987.HK,BENG SOON MACH
1988.HK,民生銀行
1989.HK,松齡護老集團
1992.HK,復星旅遊文化
1993.HK,雅仕維
1995.HK,永升生活服務
1996.HK,弘陽地產
1997.HK,九龍倉置業
1999.HK,敏華控股
2000.HK,晨訊科技
2001.HK,新高教集團
2002.HK,陽光紙業
2003.HK,維信金科
2005.HK,石四藥集團
2006.HK,錦江資本
2007.HK,碧桂園
2008.HK,鳳凰衛視
2009.HK,金隅集團
2011.HK,中國畬黧偎
2013.HK,微盟集團
2016.HK,浙商銀行
2018.HK,瑞聲科技
2019.HK,德信中國
2020.HK,安踏體育
2025.HK,瑞豐動力
2030.HK,卡賓
2033.HK,時計寶
2038.HK,富智康集團
2039.HK,中集集團
2048.HK,易居企業控股
2051.HK,５１信用卡
2057.HK,中通快遞－ＳＷ
2060.HK,浦江國際
2066.HK,盛京銀行
2083.HK,大自然家居
2096.HK,先聲藥業
2098.HK,卓爾智聯
2099.HK,中國黃金國際
2100.HK,百奧家庭互動
2101.HK,福祿控股
2103.HK,新力控股集團
2111.HK,超盈國際控股
2115.HK,捷心隆
2117.HK,大唐集團控股
2118.HK,天山發展控股
2119.HK,捷榮國際控股
2125.HK,稻草熊娛樂
2126.HK,藥明巨諾－Ｂ
2127.HK,匯森家居
2128.HK,中國聯塑
2131.HK,云想科技
2136.HK,利福中國
2138.HK,香港醫思醫療集團
2139.HK,甘肅銀行
2142.HK,和鉑醫藥
2148.HK,VESYNC
2158.HK,醫渡科技
2160.HK,心通醫療－Ｂ
2163.HK,遠大住工
2166.HK,芯智控股
2168.HK,佳兆業美好
2180.HK,萬寶盛華
2181.HK,邁博藥業—Ｂ
2183.HK,三盛控股
2186.HK,綠葉製藥
2196.HK,復星醫藥
2198.HK,中國三江化工
2199.HK,維珍妮
2202.HK,萬科企業
2208.HK,金風科技
2218.HK,安德利果汁
2222.HK,雷士國際
2225.HK,今海國際
2226.HK,老琠M釀造
2231.HK,景業名邦集團
2232.HK,晶苑國際
2233.HK,西部水泥
2236.HK,惠生工程
2238.HK,廣汽集團
2239.HK,國微控股
2255.HK,海昌海洋公園
2258.HK,華滋國際海洋
2262.HK,梁志天設計集團
2269.HK,藥明生物
2278.HK,海藍控股
2280.HK,慧聰集團
2282.HK,美高梅中國
2283.HK,東江集團控股
2286.HK,辰興發展
2292.HK,晉安實業
2296.HK,華記環球集團
2298.HK,都市麗人
2299.HK,百宏實業
2300.HK,澳科控股
2302.HK,中核國際
2303.HK,睊雀尷
2309.HK,伯明翰體育
2313.HK,申洲國際
2314.HK,理文造紙
2317.HK,味丹國際
2318.HK,中國平安
2319.HK,蒙牛乳業
2322.HK,香港潮商集團
2323.HK,融科控股
2327.HK,美瑞健康國際
2328.HK,中國財險
2329.HK,國瑞置業
2331.HK,李寧
2333.HK,長城汽車
2337.HK,眾誠能源
2338.HK,濰柴動力
2341.HK,中怡國際
2342.HK,京信通信
2343.HK,太平洋航運
2345.HK,上海集優
2348.HK,東瑞製葯
2355.HK,寶業集團
2356.HK,大新銀行集團
2357.HK,中航科工
2359.HK,藥明康德
2360.HK,優品３６０
2362.HK,金川國際
2368.HK,鷹美
2369.HK,酷派集團
2377.HK,博奇環保
2378.HK,保誠
2380.HK,中國電力
2382.HK,舜宇光學科技
2383.HK,ＴＯＭ集團
2386.HK,中石化煉化工程
2388.HK,中銀香港
2389.HK,北控醫療健康
2393.HK,巨星醫療控股
2398.HK,友佳國際
2399.HK,虎都
2400.HK,心動公司
2448.HK,恆宇集團
2488.HK,元征科技
2500.HK,啟明醫療－Ｂ
2552.HK,華領醫藥－Ｂ
2558.HK,晉商銀行
2588.HK,中銀航空租賃
2599.HK,祥生控股集團
2600.HK,中國鋁業
2601.HK,中國太保
2606.HK,藍光嘉寶服務
2607.HK,上海醫藥
2608.HK,陽光１００中國
2611.HK,國泰君安
2616.HK,基石藥業－Ｂ
2628.HK,中國人壽
2633.HK,雅各臣科研製藥
2638.HK,港燈—ＳＳ
2660.HK,禪遊科技
2666.HK,環球醫療
2668.HK,百德國際
2669.HK,中海物業
2678.HK,天虹紡織
2686.HK,亞美能源
2688.HK,新奧能源
2689.HK,玖龍紙業
2696.HK,復宏漢霖—Ｂ
2698.HK,魏橋紡織
2699.HK,新明中國
2708.HK,艾伯科技
2727.HK,上海電氣
2738.HK,華津國際控股
2768.HK,佳源國際控股
2772.HK,中梁控股
2777.HK,富力地產
2779.HK,中國新華教育
2798.HK,久泰邦達能源
2799.HK,中國華融
2858.HK,易鑫集團
2866.HK,中遠海發
2868.HK,首創置業
2869.HK,綠城服務
2877.HK,神威藥業
2880.HK,大連港
2883.HK,中海油田服務
2886.HK,濱海投資
2888.HK,渣打集團
2892.HK,萬城控股
2899.HK,紫金礦業
3300.HK,中國玻璃
3301.HK,融信中國
3303.HK,巨濤海洋石油服務
3306.HK,江南布衣
3308.HK,金鷹商貿集團
3309.HK,希瑪眼科
3311.HK,中國建築國際
3315.HK,金邦達寶嘉
3316.HK,濱江服務
3318.HK,中國波頓
3319.HK,雅生活服務
3320.HK,華潤醫藥
3321.HK,偉鴻集團控股
3323.HK,中國建材
3328.HK,交通銀行
3329.HK,交銀國際
3331.HK,維達國際
3333.HK,中國琱j
3336.HK,巨騰國際
3337.HK,安東油田服務
3339.HK,中國龍工
3347.HK,泰格醫藥
3348.HK,中國鵬飛集團
3358.HK,榮威國際
3360.HK,遠東宏信
3366.HK,華僑城（亞洲）
3369.HK,秦港股份
3377.HK,遠洋集團
3378.HK,廈門港務
3380.HK,龍光集團
3382.HK,天津港發展
3383.HK,雅居樂集團
3389.HK,亨得利
3390.HK,滿貫集團
3393.HK,威勝控股
3396.HK,聯想控股
3398.HK,華鼎控股
3600.HK,現代牙科
3601.HK,魯大師
3603.HK,信基沙溪
3606.HK,福耀玻璃
3608.HK,永盛新材料
3613.HK,同仁堂國藥
3616.HK,盚F集團控股
3618.HK,重慶農村商業銀行
3633.HK,中裕燃氣
3638.HK,華邦金融
3639.HK,億達中國
3662.HK,奧園健康
3668.HK,兗煤澳大利亞
3669.HK,永達汽車
3680.HK,索信達控股
3681.HK,中國抗體—Ｂ
3683.HK,榮豐聯合控股
3688.HK,萊蒙國際
3690.HK,美團點評－Ｗ
3692.HK,翰森製藥
3698.HK,徽商銀行
3700.HK,映客
3708.HK,中國供應鏈產業
3709.HK,贏家時尚
3718.HK,北控城市資源
3737.HK,中智藥業
3738.HK,阜博集團
3759.HK,康龍化成
3768.HK,滇池水務
3788.HK,中國罕王
3798.HK,家鄉互動
3799.HK,達利食品
3800.HK,保利協鑫能源
3808.HK,中國重汽
3813.HK,寶勝國際
3818.HK,中國動向
3836.HK,和諧汽車
3838.HK,中國澱粉
3848.HK,富道集團
3866.HK,青島銀行
3868.HK,信義能源
3869.HK,弘和仁愛醫療
3877.HK,中國船舶租賃
3883.HK,中國奧園
3886.HK,康健國際醫療
3888.HK,金山軟件
3898.HK,中車時代電氣
3899.HK,中集安瑞科
3900.HK,綠城中國
3908.HK,中金公司
3913.HK,合景悠活
3918.HK,金界控股
3933.HK,聯邦制藥
3939.HK,萬國國際礦業
3948.HK,伊泰煤炭
3958.HK,東方證券
3968.HK,招商銀行
3969.HK,中國通號
3978.HK,卓越教育集團
3983.HK,中海石油化學
3988.HK,中國銀行
3989.HK,首創環境
3990.HK,美的置業
3991.HK,長虹佳華
3992.HK,創毅控股
3993.HK,洛陽鉬業
3996.HK,中國能源建設
3998.HK,波司登
3999.HK,大成食品
4332.HK,AMGEN-T
4333.HK,思科—Τ
4335.HK,英特爾—Τ
4336.HK,應用材料—Τ
4338.HK,微軟—Τ
6030.HK,中信証券
6033.HK,電訊數碼控股
6049.HK,保利物業
6055.HK,中煙香港
6058.HK,興證國際
6060.HK,眾安在?
6066.HK,中信建投証券
6068.HK,睿見教育
6069.HK,盛業資本
6078.HK,海吉亞醫療
6088.HK,FIT HON TENG
6090.HK,勝捷企業
6093.HK,和泓服務
6098.HK,碧桂園服務
6099.HK,招商證券
6100.HK,同道獵聘
6110.HK,滔搏
6111.HK,大發地產
6118.HK,奧星生命科技
6122.HK,九台農商銀行
6123.HK,圓通速遞國際
6127.HK,昭衍新藥
6128.HK,泛亞國際
6136.HK,康達環保
6138.HK,哈爾濱銀行
6158.HK,正榮地產
6160.HK,百濟神州
6166.HK,中國宏泰發展
6169.HK,宇華教育
6178.HK,光大證券
6185.HK,康希諾生物—Ｂ
6186.HK,中國飛鶴
6188.HK,迪信通
6190.HK,九江銀行
6196.HK,鄭州銀行
6198.HK,青島港
6199.HK,貴州銀行
6288.HK,FAST RETAIL-DRS
6606.HK,諾輝健康－Ｂ
6618.HK,京東健康
6666.HK,恆大物業
6677.HK,遠洋服務
6690.HK,海爾智家
6805.HK,金茂源環保
6806.HK,申萬宏源
6808.HK,高鑫零售
6811.HK,太興集團
6818.HK,中國光大銀行
6819.HK,中智全球
6820.HK,友誼時光
6822.HK,科勁國際
6823.HK,香港電訊—ＳＳ
6826.HK,昊海生物科技
6828.HK,北京燃氣藍天
6830.HK,華眾車載
6836.HK,天韻國際控股
6837.HK,海通證券
6838.HK,盈利時
6855.HK,亞盛醫藥－Ｂ
6858.HK,本間高爾夫
6860.HK,指尖悅動
6862.HK,海底撈
6865.HK,福萊特玻璃
6868.HK,天福
6869.HK,長飛光纖光纜
6878.HK,鼎豐集團控股
6881.HK,中國銀河
6886.HK,HTSC
6889.HK,DYNAM JAPAN
6893.HK,衍生集團
6896.HK,金嗓子
6900.HK,上坤地產
6919.HK,人瑞人才
6933.HK,新娛科控股
6958.HK,正榮服務
6968.HK,港龍中國地產
6969.HK,思摩爾國際
6978.HK,永泰生物－Ｂ
6988.HK,樂享互動
6989.HK,卓越商企服務
6993.HK,藍月亮集團
6996.HK,德琪醫藥
6998.HK,嘉和生物－Ｂ
6999.HK,領地控股
8026.HK,朗華國際集團
8032.HK,非凡中國
8037.HK,中國生物科技服務
8053.HK,比優集團
8069.HK,縱橫遊控股
8083.HK,中國有贊
8137.HK,洪橋集團
8153.HK,法諾集團
8156.HK,國藥科技股份
8167.HK,中國新電信
8170.HK,全民國際
8227.HK,海天天?
8228.HK,國藝娛樂
8246.HK,中華燃氣
8279.HK,亞博科技控股
8295.HK,中植資本國際
8308.HK,古兜控股
8328.HK,信義香港
8418.HK,傲迪瑪汽車
8425.HK,興銘控股
8487.HK,ISP GLOBAL
8513.HK,官醞控股
8516.HK,廣駿集團
8619.HK,WAC HOLDINGS
9616.HK,東軟教育
9618.HK,京東集團－ＳＷ
9633.HK,農夫山泉
9666.HK,金科服務
9668.HK,渤海銀行
9688.HK,再鼎醫藥－ＳＢ
9698.HK,萬國數據－ＳＷ
9901.HK,新東方－Ｓ
9906.HK,宏力醫療管理
9909.HK,寶龍商業
9911.HK,赤子城科技
9919.HK,艾德韋宣集團
9922.HK,九毛九
9923.HK,移卡
9926.HK,康方生物－Ｂ
9928.HK,時代鄰里
9936.HK,稀美資源
9939.HK,開拓藥業－Ｂ
9966.HK,康寧傑瑞製藥－Ｂ
9968.HK,匯景控股
9969.HK,諾誠健華－Ｂ
9977.HK,鳳祥股份
9979.HK,綠城管理控股
9983.HK,建業新生活
9986.HK,大山教育
9987.HK,百勝中國－Ｓ
9988.HK,阿里巴巴－ＳＷ
9989.HK,海普瑞
9990.HK,祖龍娛樂
9991.HK,寶尊電商－ＳＷ
9992.HK,泡泡瑪特
9993.HK,金輝控股
9995.HK,榮昌生物－Ｂ
9996.HK,沛嘉醫療－Ｂ
9997.HK,康基醫療
9999.HK,網易－Ｓ
